date,user_id,rating,genre
2022-01-29,33,3,Comedy
2022-05-24,61,5,Drama
2022-04-27,23,4,Drama
2022-01-25,2,4,Horror
2022-04-29,77,2,Action
2022-04-10,20,4,Horror
2022-05-16,11,3,Horror
2022-05-12,81,2,Horror
2022-01-19,59,4,Drama
2022-01-02,83,5,Drama
2022-05-17,46,3,Action
2022-05-05,14,1,Action
2022-01-10,8,3,Horror
2022-04-29,66,3,Comedy
2022-05-10,45,5,Action
2022-01-04,28,3,Drama
2022-04-02,65,5,Comedy
2022-04-09,67,1,Action
2022-04-02,67,2,Horror
2022-01-30,93,3,Comedy
2022-06-16,22,5,Action
2022-01-17,37,4,Drama
2022-01-31,39,4,Drama
2022-01-31,27,4,Horror
2022-05-17,54,4,Horror
2022-05-03,37,2,Horror
2022-02-13,3,4,Comedy
2022-04-15,46,5,Action
2022-01-16,58,4,Comedy
2022-02-14,11,3,Action
2022-02-28,25,1,Horror
2022-04-07,56,5,Action
2022-03-10,12,2,Action
2022-06-10,64,1,Action
2022-05-09,34,1,Drama
2022-05-04,75,2,Comedy
2022-03-27,19,2,Drama
2022-03-31,11,4,Horror
2022-04-18,93,5,Drama
2022-04-11,93,5,Horror
2022-05-19,2,4,Horror
2022-01-14,72,4,Comedy
2022-06-16,28,3,Action
2022-01-03,82,1,Horror
2022-03-27,48,2,Comedy
2022-04-16,51,3,Horror
2022-06-14,28,2,Action
2022-01-02,37,5,Horror
2022-02-19,93,2,Comedy
2022-02-08,51,1,Action
2022-01-20,94,3,Action
2022-02-22,40,5,Drama
2022-06-05,88,2,Comedy
2022-05-04,78,3,Horror
2022-02-15,56,4,Comedy
2022-05-17,65,4,Action
2022-04-13,65,3,Drama
2022-03-03,35,1,Comedy
2022-03-01,32,4,Drama
2022-04-23,43,4,Drama
2022-03-26,47,1,Drama
2022-01-13,75,2,Action
2022-02-16,26,5,Action
2022-04-02,4,2,Action
2022-05-09,41,4,Comedy
2022-04-28,2,5,Horror
2022-06-20,49,5,Horror
2022-02-10,52,2,Comedy
2022-02-17,12,1,Drama
2022-05-22,31,2,Comedy
2022-02-23,95,1,Comedy
2022-06-27,47,5,Action
2022-05-21,96,5,Action
2022-05-08,30,3,Comedy
2022-01-01,35,5,Horror
2022-01-11,46,3,Action
2022-01-09,20,2,Comedy
2022-06-03,15,2,Drama
2022-05-02,50,1,Action
2022-05-30,20,1,Horror
2022-06-21,26,3,Action
2022-03-22,87,2,Action
2022-04-18,1,4,Action
2022-02-26,83,4,Action
2022-06-07,2,5,Comedy
2022-05-21,67,3,Drama
2022-01-28,58,4,Comedy
2022-06-11,70,4,Drama
2022-06-20,27,4,Drama
2022-04-18,98,3,Horror
2022-01-20,53,3,Horror
2022-01-29,12,4,Comedy
2022-02-26,72,4,Horror
2022-04-09,22,3,Horror
2022-03-20,54,4,Horror
2022-06-24,55,1,Drama
2022-04-03,85,4,Action
2022-02-21,58,2,Drama
2022-04-12,21,1,Comedy
2022-05-24,92,4,Comedy
2022-01-05,38,4,Action
2022-05-15,64,4,Horror
2022-06-25,62,5,Horror
2022-02-05,27,4,Action
2022-02-13,10,1,Horror
2022-02-21,17,3,Comedy
2022-02-10,28,3,Action
2022-06-24,80,3,Drama
2022-01-31,16,1,Comedy
2022-01-29,54,2,Drama
2022-01-23,85,2,Drama
2022-02-14,3,1,Action
2022-01-08,25,2,Drama
2022-04-02,4,1,Drama
2022-05-19,83,5,Action
2022-05-31,55,1,Horror
2022-06-07,42,1,Action
2022-03-06,44,3,Comedy
2022-02-25,71,2,Drama
2022-05-14,55,2,Drama
2022-04-24,84,4,Horror
2022-05-23,16,1,Comedy
2022-05-24,31,3,Action
2022-02-05,46,4,Horror
2022-05-13,56,5,Horror
2022-06-03,64,3,Action
2022-04-07,54,5,Drama
2022-03-01,78,4,Action
2022-01-01,5,3,Drama
2022-01-07,7,4,Action
2022-06-21,59,2,Comedy
2022-06-04,65,4,Action
2022-01-23,14,5,Horror
2022-05-30,66,2,Action
2022-05-18,24,5,Action
2022-03-24,79,1,Drama
2022-06-04,55,4,Comedy
2022-04-09,60,1,Comedy
2022-04-13,21,2,Action
2022-06-21,28,1,Comedy
2022-03-08,24,2,Drama
2022-06-03,79,2,Comedy
2022-05-26,54,3,Horror
2022-02-24,7,1,Drama
2022-01-25,52,1,Comedy
2022-02-09,54,1,Action
2022-04-09,27,1,Action
2022-03-27,87,5,Drama
2022-05-08,58,2,Drama
2022-06-30,42,1,Drama
2022-03-03,38,1,Drama
2022-04-07,66,5,Action
2022-01-20,58,3,Comedy
2022-06-16,52,4,Horror
2022-04-21,46,2,Horror
2022-04-26,30,3,Comedy
2022-04-10,53,4,Comedy
2022-05-14,22,2,Comedy
2022-06-11,9,4,Action
2022-02-17,50,5,Horror
2022-06-12,16,5,Action
2022-03-23,66,4,Drama
2022-05-11,94,4,Comedy
2022-06-10,38,3,Horror
2022-01-28,91,4,Comedy
2022-06-15,75,2,Horror
2022-04-03,36,1,Comedy
2022-05-27,48,3,Action
2022-01-08,2,4,Action
2022-05-10,11,3,Action
2022-01-24,6,4,Horror
2022-06-24,28,5,Action
2022-01-07,45,4,Horror
2022-04-03,29,4,Drama
2022-06-29,97,3,Horror
2022-02-22,64,3,Action
2022-06-07,71,3,Action
2022-06-20,45,2,Comedy
2022-01-25,53,1,Horror
2022-01-19,58,3,Action
2022-04-03,99,2,Horror
2022-05-16,21,3,Horror
2022-06-15,77,4,Action
2022-02-12,14,1,Horror
2022-02-25,53,1,Drama
2022-06-03,29,2,Horror
2022-03-29,44,4,Action
2022-04-12,76,5,Action
2022-02-23,12,4,Horror
2022-04-18,23,4,Comedy
2022-03-02,48,4,Horror
2022-01-11,42,1,Comedy
2022-01-16,22,1,Horror
2022-01-12,40,2,Drama
2022-03-23,43,2,Comedy
2022-05-18,11,2,Comedy
2022-01-08,56,2,Action
2022-05-01,20,5,Drama
2022-01-21,95,1,Comedy
2022-04-05,55,3,Comedy
2022-02-10,35,5,Drama
2022-05-07,54,4,Drama
2022-01-25,60,1,Drama
2022-06-05,34,3,Horror
2022-04-29,55,4,Drama
2022-06-12,64,1,Horror
2022-03-12,12,2,Action
2022-06-03,44,4,Action
2022-03-03,54,4,Action
2022-05-12,93,4,Comedy
2022-06-01,34,1,Drama
2022-04-19,85,4,Action
2022-02-07,79,1,Drama
2022-02-05,37,1,Drama
2022-06-20,35,1,Comedy
2022-01-01,90,5,Horror
2022-06-12,33,2,Drama
2022-03-18,35,2,Comedy
2022-02-22,66,1,Horror
2022-03-25,89,1,Comedy
2022-04-21,67,3,Drama
2022-05-22,9,4,Drama
2022-05-10,43,2,Horror
2022-05-20,94,1,Horror
2022-05-05,98,3,Comedy
2022-05-05,62,4,Horror
2022-01-21,54,4,Action
2022-06-12,30,5,Comedy
2022-03-04,43,4,Comedy
2022-03-21,56,4,Comedy
2022-02-16,92,5,Horror
2022-04-06,50,4,Drama
2022-02-26,6,1,Drama
2022-05-30,29,5,Comedy
2022-04-23,72,1,Horror
2022-04-13,7,3,Drama
2022-06-12,38,3,Action
2022-04-21,79,2,Drama
2022-02-06,3,4,Action
2022-01-18,81,2,Horror
2022-03-26,78,5,Horror
2022-04-24,68,1,Drama
2022-02-05,73,4,Action
2022-06-22,54,4,Drama
2022-04-12,3,5,Horror
2022-05-24,82,1,Horror
2022-01-06,1,2,Action
2022-03-17,32,3,Horror
2022-06-12,80,3,Horror
2022-03-15,47,2,Comedy
2022-06-22,87,2,Action
2022-02-12,5,3,Horror
2022-02-06,23,3,Horror
2022-02-15,71,3,Comedy
2022-02-16,45,1,Action
2022-02-02,64,2,Comedy
2022-06-13,78,1,Drama
2022-03-13,15,3,Comedy
2022-05-12,30,4,Drama
2022-04-30,55,2,Action
2022-03-06,78,2,Comedy
2022-05-30,95,5,Drama
2022-02-02,17,3,Horror
2022-01-04,89,3,Drama
2022-02-02,36,2,Comedy
2022-02-17,92,2,Drama
2022-02-26,92,3,Action
2022-05-16,48,5,Comedy
2022-01-19,56,4,Action
2022-01-17,87,3,Comedy
2022-05-24,5,1,Drama
2022-03-28,54,2,Action
2022-02-20,73,1,Horror
2022-02-16,35,3,Drama
2022-03-08,45,4,Action
2022-04-11,99,4,Action
2022-03-04,88,3,Drama
2022-04-01,62,1,Action
2022-03-25,50,3,Action
2022-03-06,70,4,Comedy
2022-06-03,28,2,Action
2022-01-02,66,1,Action
2022-06-22,34,1,Comedy
2022-06-17,47,5,Comedy
2022-06-25,44,3,Comedy
2022-06-09,40,4,Drama
2022-03-11,55,3,Drama
2022-01-26,76,2,Horror
2022-03-27,95,3,Comedy
2022-01-16,31,3,Comedy
2022-06-10,93,5,Action
2022-03-01,29,4,Action
2022-06-21,22,4,Horror
2022-01-27,40,5,Drama
2022-02-12,26,4,Drama
2022-04-28,9,3,Horror
2022-05-06,33,1,Horror
2022-02-07,1,1,Horror
2022-05-19,3,2,Horror
2022-04-23,77,1,Comedy
2022-04-19,23,1,Action
2022-04-22,90,2,Action
2022-06-08,95,4,Action
2022-04-10,56,5,Action
2022-04-18,40,4,Horror
2022-02-24,16,3,Action
2022-03-11,47,4,Comedy
2022-05-21,20,3,Action
2022-02-02,40,5,Comedy
2022-06-09,31,2,Comedy
2022-04-15,64,2,Action
2022-04-27,18,3,Comedy
2022-03-28,62,3,Horror
2022-01-16,67,1,Action
2022-01-25,52,4,Drama
2022-04-04,7,3,Horror
2022-05-03,23,1,Drama
2022-02-03,10,1,Action
2022-02-01,35,5,Drama
2022-01-28,44,5,Action
2022-05-07,1,1,Comedy
2022-06-12,92,5,Action
2022-02-15,52,5,Action
2022-05-13,28,4,Drama
2022-04-30,9,3,Comedy
2022-06-01,31,2,Comedy
2022-06-08,28,5,Action
2022-01-09,72,2,Action
2022-05-10,82,2,Comedy
2022-01-16,75,2,Action
2022-04-05,85,1,Horror
2022-06-12,65,5,Drama
2022-02-23,67,4,Action
2022-01-07,63,2,Action
2022-03-27,55,2,Horror
2022-01-03,56,1,Action
2022-05-27,93,2,Drama
2022-05-25,88,3,Action
2022-02-22,77,3,Drama
2022-02-09,8,2,Drama
2022-06-11,10,2,Action
2022-02-28,95,1,Horror
2022-02-20,39,5,Drama
2022-02-01,50,3,Horror
2022-03-26,41,4,Comedy
2022-05-31,65,1,Drama
2022-04-26,37,3,Action
2022-05-19,70,5,Comedy
2022-05-10,75,3,Drama
2022-03-25,36,5,Comedy
2022-02-17,82,1,Drama
2022-04-12,7,4,Comedy
2022-04-13,5,4,Comedy
2022-04-09,84,5,Action
2022-01-07,50,4,Action
2022-03-19,79,4,Comedy
2022-04-12,27,1,Drama
2022-02-13,60,1,Drama
2022-03-15,61,2,Comedy
2022-04-11,58,4,Horror
2022-06-10,83,4,Drama
2022-01-08,77,2,Action
2022-03-09,18,2,Drama
2022-06-07,88,3,Horror
2022-04-16,98,1,Drama
2022-04-29,37,1,Comedy
2022-01-13,28,5,Horror
2022-04-26,94,1,Comedy
2022-04-21,18,4,Drama
2022-06-29,22,5,Action
2022-04-26,46,4,Comedy
2022-02-28,11,2,Comedy
2022-05-28,80,3,Comedy
2022-01-23,56,5,Action
2022-04-05,89,1,Drama
2022-06-03,21,5,Horror
2022-01-10,28,5,Comedy
2022-05-11,90,3,Comedy
2022-01-21,82,4,Horror
2022-01-31,76,5,Action
2022-01-10,68,1,Action
2022-05-19,69,4,Drama
2022-03-01,77,3,Action
2022-05-30,77,1,Action
2022-01-06,76,3,Action
2022-02-06,11,4,Comedy
2022-01-28,64,5,Horror
2022-01-27,27,2,Horror
2022-01-22,16,1,Drama
2022-01-17,67,1,Action
2022-03-08,58,1,Horror
2022-06-09,15,1,Drama
2022-02-08,72,2,Comedy
2022-05-01,76,2,Horror
2022-05-28,98,4,Action
2022-03-08,47,5,Horror
2022-03-16,53,5,Horror
2022-02-02,72,5,Horror
2022-01-04,69,3,Comedy
2022-05-28,10,2,Comedy
2022-02-23,84,4,Comedy
2022-05-21,70,4,Drama
2022-02-10,22,4,Horror
2022-04-24,4,1,Comedy
2022-03-03,85,4,Drama
2022-06-19,73,3,Comedy
2022-03-15,38,1,Drama
2022-05-27,96,4,Action
2022-06-19,49,3,Drama
2022-02-26,69,1,Drama
2022-05-18,66,3,Drama
2022-05-26,49,4,Drama
2022-05-20,40,2,Drama
2022-05-08,34,3,Action
2022-04-06,7,1,Horror
2022-06-03,54,4,Comedy
2022-04-18,89,4,Horror
2022-06-30,93,4,Comedy
2022-03-08,66,1,Horror
2022-03-30,2,5,Comedy
2022-05-18,95,3,Drama
2022-05-05,55,4,Comedy
2022-04-03,45,2,Comedy
2022-02-15,56,3,Drama
2022-03-14,91,1,Horror
2022-06-27,35,3,Drama
2022-03-20,13,1,Action
2022-04-15,69,4,Horror
2022-03-26,18,4,Action
2022-05-22,63,3,Action
2022-04-12,87,5,Action
2022-02-22,12,1,Drama
2022-04-25,16,4,Comedy
2022-01-10,4,4,Horror
2022-03-29,37,3,Horror
2022-01-01,8,5,Action
2022-02-17,12,2,Comedy
2022-04-20,26,4,Comedy
2022-06-12,80,5,Drama
2022-06-12,81,3,Horror
2022-06-10,27,2,Action
2022-06-04,56,3,Drama
2022-03-12,21,1,Drama
2022-02-13,97,1,Horror
2022-03-26,23,1,Drama
2022-03-04,12,5,Action
2022-04-10,71,1,Comedy
2022-03-06,19,1,Action
2022-06-03,18,3,Comedy
2022-01-18,48,1,Comedy
2022-06-14,42,1,Comedy
2022-06-14,11,3,Drama
2022-03-20,44,1,Horror
2022-02-12,42,3,Action
2022-01-18,77,1,Action
2022-03-03,98,2,Drama
2022-03-22,18,4,Drama
2022-04-26,52,1,Drama
2022-04-03,89,3,Comedy
2022-05-20,54,1,Action
2022-02-18,5,4,Horror
2022-06-08,20,3,Action
2022-01-30,46,4,Comedy
2022-04-21,1,4,Comedy
2022-03-30,34,3,Comedy
2022-02-23,76,4,Action
2022-03-05,53,3,Drama
2022-05-10,86,5,Comedy
2022-05-15,67,2,Horror
2022-03-25,72,4,Horror
2022-06-01,18,5,Drama
2022-02-08,49,4,Comedy
2022-03-26,76,2,Drama
2022-06-03,34,2,Drama
2022-04-25,59,4,Drama
2022-05-17,80,3,Comedy
2022-05-12,37,2,Drama
2022-03-25,77,4,Drama
2022-04-04,93,4,Action
2022-04-08,31,1,Drama
2022-03-30,25,1,Comedy
2022-06-17,17,1,Horror
2022-02-04,12,5,Drama
2022-05-19,50,2,Horror
2022-01-17,82,3,Horror
2022-03-23,49,5,Comedy
2022-04-09,79,5,Drama
2022-02-02,85,3,Comedy
2022-01-09,63,4,Drama
2022-01-20,58,2,Comedy
2022-03-30,94,2,Action
2022-02-05,62,5,Horror
2022-06-21,39,3,Action
2022-02-27,11,4,Horror
2022-06-29,16,1,Action
2022-05-06,17,2,Action
2022-01-14,73,1,Comedy
2022-04-07,97,2,Horror
2022-03-14,89,1,Horror
2022-05-24,17,4,Horror
2022-01-24,4,1,Horror
2022-05-18,56,5,Action
2022-04-17,2,1,Action
2022-01-10,42,4,Horror
2022-05-09,81,5,Drama
2022-06-10,98,1,Drama
2022-03-13,27,1,Action
2022-05-01,72,2,Drama
2022-05-07,54,5,Horror
2022-05-21,3,2,Drama
2022-03-10,39,1,Comedy
2022-05-28,80,3,Horror
2022-06-04,92,3,Action
2022-04-05,4,2,Drama
2022-01-16,54,3,Horror
2022-01-22,88,2,Action
2022-02-08,56,5,Comedy
2022-01-28,56,4,Comedy
2022-01-14,69,5,Horror
2022-06-26,64,2,Comedy
2022-04-17,29,4,Drama
2022-01-12,95,3,Drama
2022-01-17,40,3,Horror
2022-06-07,83,1,Horror
2022-06-02,40,4,Drama
2022-01-31,62,3,Action
2022-02-27,16,2,Comedy
2022-03-21,54,2,Horror
2022-03-24,31,4,Drama
2022-03-25,60,3,Comedy
2022-06-20,1,3,Comedy
2022-06-06,49,1,Action
2022-02-04,29,3,Action
2022-05-12,83,1,Comedy
2022-05-08,89,5,Comedy
2022-05-26,1,3,Drama
2022-03-06,75,3,Horror
2022-03-28,7,1,Horror
2022-03-07,23,2,Horror
2022-02-09,42,2,Drama
2022-01-25,56,3,Horror
2022-04-04,69,3,Drama
2022-05-30,3,1,Drama
2022-03-12,23,5,Horror
2022-04-06,90,2,Action
2022-02-25,84,3,Action
2022-06-14,22,3,Drama
2022-02-28,32,2,Drama
2022-01-30,50,4,Drama
2022-01-18,45,1,Action
2022-03-24,69,3,Action
2022-05-21,21,3,Horror
2022-04-01,18,3,Action
2022-03-18,98,5,Drama
2022-03-14,99,2,Drama
2022-05-17,61,5,Drama
2022-04-15,28,1,Drama
2022-05-21,51,4,Comedy
2022-06-13,4,1,Comedy
2022-01-29,61,2,Action
2022-03-17,41,2,Drama
2022-02-14,41,5,Comedy
2022-04-26,10,2,Action
2022-01-10,4,1,Action
2022-06-22,61,3,Horror
2022-02-23,1,3,Horror
2022-03-11,34,1,Comedy
2022-03-13,27,2,Horror
2022-01-16,5,1,Drama
2022-01-24,91,4,Action
2022-03-20,77,2,Horror
2022-05-05,79,3,Action
2022-01-15,27,3,Comedy
2022-05-29,81,5,Action
2022-05-26,80,1,Action
2022-05-07,64,3,Horror
2022-06-01,49,5,Drama
2022-06-16,32,2,Comedy
2022-04-27,16,3,Horror
2022-04-29,24,2,Action
2022-03-16,40,5,Comedy
2022-06-25,41,1,Comedy
2022-04-21,34,2,Horror
2022-05-20,80,5,Drama
2022-06-04,75,1,Action
2022-05-21,57,5,Drama
2022-04-19,13,2,Drama
2022-01-17,83,1,Comedy
2022-02-26,72,2,Drama
2022-02-13,20,2,Comedy
2022-01-26,28,2,Action
2022-04-14,96,2,Drama
2022-03-11,61,1,Comedy
2022-01-23,91,3,Horror
2022-02-06,80,4,Action
2022-01-29,88,3,Action
2022-06-02,7,3,Horror
2022-04-28,81,2,Drama
2022-03-04,6,3,Horror
2022-06-26,35,5,Comedy
2022-06-09,72,3,Action
2022-01-21,84,4,Action
2022-05-02,43,3,Comedy
2022-04-18,1,3,Horror
2022-05-06,94,2,Drama
2022-06-22,50,2,Action
2022-02-20,45,5,Horror
2022-04-24,84,1,Drama
2022-02-18,59,2,Action
2022-03-23,42,4,Drama
2022-02-22,52,1,Horror
2022-04-18,55,1,Action
2022-03-25,7,3,Horror
2022-01-12,28,2,Comedy
2022-02-26,80,2,Comedy
2022-04-19,72,5,Horror
2022-01-11,37,5,Horror
2022-01-26,89,1,Action
2022-05-04,87,5,Action
2022-06-08,76,1,Horror
2022-02-06,1,4,Comedy
2022-05-30,35,1,Drama
2022-01-08,80,3,Action
2022-05-14,8,2,Drama
2022-05-31,71,2,Action
2022-01-09,76,4,Action
2022-05-23,26,4,Horror
2022-04-14,29,3,Drama
2022-01-27,44,1,Comedy
2022-03-16,32,1,Comedy
2022-03-09,68,2,Comedy
2022-05-09,82,4,Horror
2022-03-20,99,5,Drama
2022-03-09,21,5,Horror
2022-04-21,48,4,Horror
2022-02-19,28,4,Horror
2022-03-25,27,4,Action
2022-01-25,8,5,Drama
2022-03-07,53,4,Action
2022-05-09,64,4,Drama
2022-05-12,36,4,Comedy
2022-05-22,50,2,Drama
2022-05-05,64,2,Drama
2022-01-26,92,4,Action
2022-03-08,39,2,Horror
2022-03-06,44,4,Horror
2022-01-20,10,1,Comedy
2022-06-13,91,4,Drama
2022-03-11,71,3,Drama
2022-01-15,52,4,Horror
2022-04-15,58,4,Action
2022-04-30,86,2,Drama
2022-06-28,57,1,Horror
2022-03-19,9,5,Drama
2022-05-22,9,3,Action
2022-06-18,99,2,Drama
2022-01-08,9,1,Comedy
2022-04-27,32,3,Action
2022-05-10,80,3,Comedy
2022-01-22,14,3,Drama
2022-03-20,76,2,Action
2022-05-18,62,2,Drama
2022-02-02,32,3,Action
2022-01-09,47,3,Horror
2022-01-20,99,2,Comedy
2022-05-10,54,4,Horror
2022-03-20,60,2,Horror
2022-04-11,43,5,Comedy
2022-04-04,63,5,Horror
2022-02-10,72,1,Action
2022-04-23,88,5,Drama
2022-03-11,21,1,Drama
2022-05-27,70,2,Action
2022-03-15,58,1,Drama
2022-03-11,10,5,Drama
2022-03-28,97,2,Action
2022-06-24,16,1,Horror
2022-03-25,56,4,Action
2022-04-17,47,2,Horror
2022-04-07,31,3,Drama
2022-04-13,81,3,Comedy
2022-06-12,12,4,Action
2022-04-19,29,3,Horror
2022-01-29,78,5,Horror
2022-06-12,39,3,Drama
2022-01-25,22,1,Drama
2022-05-27,91,3,Action
2022-04-04,49,4,Comedy
2022-02-04,10,5,Horror
2022-04-08,12,5,Action
2022-04-17,4,1,Action
2022-03-10,64,4,Horror
2022-04-15,3,3,Horror
2022-05-07,23,2,Action
2022-05-19,96,3,Horror
2022-05-10,41,3,Drama
2022-06-17,94,4,Comedy
2022-02-14,54,4,Drama
2022-05-04,13,2,Comedy
2022-03-26,28,5,Drama
2022-04-24,57,3,Comedy
2022-05-14,70,4,Comedy
2022-02-08,2,2,Action
2022-02-15,10,2,Action
2022-01-28,28,1,Horror
2022-03-14,64,5,Drama
2022-04-14,24,3,Horror
2022-05-05,26,1,Action
2022-05-15,71,3,Drama
2022-02-18,15,2,Drama
2022-01-02,20,1,Action
2022-05-18,21,4,Action
2022-01-05,64,3,Drama
2022-01-09,49,5,Horror
2022-02-03,46,4,Action
2022-03-23,45,2,Horror
2022-04-07,58,1,Comedy
2022-02-19,43,3,Comedy
2022-01-30,43,3,Action
2022-05-21,13,3,Comedy
2022-06-20,60,2,Drama
2022-03-31,99,4,Comedy
2022-05-28,28,5,Drama
2022-02-20,57,4,Horror
2022-02-04,1,1,Horror
2022-04-03,24,4,Drama
2022-01-10,59,2,Action
2022-05-18,46,1,Drama
2022-02-19,41,1,Action
2022-02-05,41,4,Action
2022-05-22,45,2,Drama
2022-03-07,37,4,Horror
2022-06-07,33,4,Horror
2022-02-07,36,2,Horror
2022-04-09,11,5,Horror
2022-05-07,22,1,Action
2022-04-25,71,4,Drama
2022-01-17,79,2,Drama
2022-05-15,86,4,Comedy
2022-05-07,48,2,Drama
2022-04-27,94,5,Horror
2022-03-08,36,3,Horror
2022-06-13,37,4,Comedy
2022-03-02,99,3,Drama
2022-01-08,23,1,Drama
2022-04-02,49,2,Comedy
2022-01-10,72,5,Horror
2022-06-13,4,2,Drama
2022-01-30,34,5,Horror
2022-06-15,10,4,Drama
2022-03-11,78,3,Drama
2022-06-10,28,3,Drama
2022-03-09,14,4,Drama
2022-03-22,83,2,Action
2022-03-01,66,1,Horror
2022-01-16,36,2,Horror
2022-04-01,36,3,Drama
2022-04-22,45,1,Horror
2022-02-24,8,5,Drama
2022-01-08,99,1,Comedy
2022-04-10,26,5,Action
2022-06-30,15,1,Horror
2022-01-09,27,1,Horror
2022-01-26,22,3,Comedy
2022-01-30,73,5,Action
2022-01-31,22,5,Drama
2022-06-07,83,1,Horror
2022-04-26,40,1,Action
2022-04-24,16,3,Action
2022-05-15,16,5,Horror
2022-04-14,93,2,Action
2022-05-13,22,1,Drama
2022-02-14,15,4,Horror
2022-03-25,65,4,Comedy
2022-01-07,46,5,Comedy
2022-03-23,69,1,Comedy
2022-04-09,91,3,Horror
2022-05-23,19,1,Action
2022-01-29,61,1,Drama
2022-02-16,25,2,Drama
2022-02-03,3,1,Drama
2022-05-22,99,4,Drama
2022-01-22,17,3,Comedy
2022-06-05,5,2,Horror
2022-06-02,37,1,Horror
2022-01-16,50,3,Comedy
2022-06-26,99,3,Action
2022-01-13,61,5,Horror
2022-04-21,45,3,Action
2022-01-08,51,4,Comedy
2022-02-11,95,1,Action
2022-06-15,62,3,Comedy
2022-06-30,67,1,Action
2022-01-24,45,1,Comedy
2022-06-13,69,4,Comedy
2022-04-12,41,3,Horror
2022-06-19,67,2,Drama
2022-01-09,96,4,Drama
2022-03-06,18,4,Drama
2022-01-02,94,4,Action
2022-04-25,12,3,Horror
2022-04-13,83,5,Horror
2022-06-13,1,2,Comedy
2022-06-08,39,5,Horror
2022-06-09,6,5,Drama
2022-05-23,63,4,Horror
2022-05-16,58,4,Horror
2022-06-30,35,2,Action
2022-02-06,69,1,Horror
2022-06-12,94,1,Comedy
2022-02-25,69,1,Action
2022-01-13,79,4,Horror
2022-03-27,44,3,Comedy
2022-01-03,5,2,Action
2022-03-24,4,3,Action
2022-03-14,72,1,Action
2022-03-10,45,2,Comedy
2022-05-30,47,1,Action
2022-03-30,48,2,Horror
2022-03-03,53,3,Comedy
2022-05-01,13,1,Horror
2022-03-17,78,2,Drama
2022-06-03,42,2,Comedy
2022-03-21,94,2,Drama
2022-04-06,26,3,Comedy
2022-02-21,18,3,Horror
2022-01-12,92,1,Horror
2022-02-09,86,1,Action
2022-05-28,93,4,Action
2022-04-08,27,5,Drama
2022-04-09,47,3,Horror
2022-01-18,71,2,Comedy
2022-03-14,70,4,Drama
2022-02-03,77,2,Action
2022-04-16,6,2,Comedy
2022-02-08,58,1,Drama
2022-01-24,88,2,Drama
2022-06-07,84,2,Action
2022-03-25,61,5,Action
2022-03-07,46,4,Drama
2022-03-25,78,1,Comedy
2022-06-01,9,1,Comedy
2022-04-28,69,5,Action
2022-06-01,18,2,Comedy
2022-03-22,60,5,Action
2022-04-13,36,5,Action
2022-06-19,41,4,Comedy
2022-02-06,5,4,Comedy
2022-01-28,26,3,Action
2022-04-24,6,1,Action
2022-04-11,51,4,Action
2022-02-06,2,2,Action
2022-03-04,18,4,Action
2022-01-08,36,4,Drama
2022-02-24,78,5,Action
2022-04-15,40,4,Horror
2022-01-14,1,5,Comedy
2022-06-01,67,2,Drama
2022-02-02,18,5,Comedy
2022-05-21,46,5,Comedy
2022-05-03,25,2,Drama
2022-05-14,81,4,Action
2022-06-09,16,1,Horror
2022-04-04,29,4,Action
2022-01-09,82,3,Action
2022-01-07,80,4,Horror
2022-06-11,42,5,Action
2022-02-05,13,2,Action
2022-02-12,74,2,Action
2022-04-13,56,5,Drama
2022-05-07,63,2,Action
2022-06-09,34,3,Horror
2022-03-19,52,3,Horror
2022-02-08,36,5,Horror
2022-06-03,12,3,Horror
2022-05-17,31,3,Action
2022-06-16,77,3,Drama
2022-06-18,81,5,Action
2022-03-28,48,3,Action
2022-03-22,33,3,Comedy
2022-02-17,74,2,Drama
2022-03-06,15,5,Drama
2022-02-04,86,3,Horror
2022-02-25,66,1,Horror
2022-06-23,15,5,Comedy
2022-04-05,49,2,Comedy
2022-06-22,56,4,Drama
2022-03-10,27,1,Horror
2022-05-29,11,3,Horror
2022-01-17,50,4,Action
2022-02-12,75,1,Action
2022-04-08,6,5,Action
2022-06-05,14,5,Drama
2022-04-09,91,2,Action
2022-04-12,83,5,Action
2022-04-01,88,5,Comedy
2022-06-03,18,2,Action
2022-01-06,35,3,Horror
2022-03-01,28,3,Horror
2022-04-13,6,3,Action
2022-04-08,36,4,Comedy
2022-06-07,1,1,Horror
2022-06-28,24,5,Comedy
2022-03-15,62,3,Drama
2022-02-23,83,4,Action
2022-06-10,27,3,Horror
2022-01-01,39,4,Horror
2022-06-11,35,3,Action
2022-02-03,20,3,Horror
2022-06-16,34,2,Horror
2022-03-11,13,2,Drama
2022-06-17,68,2,Action
2022-06-17,39,1,Action
2022-01-29,27,4,Comedy
2022-02-05,88,1,Comedy
2022-02-14,90,3,Horror
2022-03-08,27,1,Comedy
2022-05-23,13,3,Comedy
2022-01-11,90,3,Horror
2022-06-04,62,2,Action
2022-04-11,15,3,Comedy
2022-04-27,75,1,Horror
2022-06-27,56,2,Action
2022-02-23,44,5,Horror
2022-06-08,92,4,Drama
2022-04-12,44,1,Comedy
2022-05-10,55,4,Comedy
2022-02-25,42,1,Comedy
2022-06-16,69,5,Drama
2022-03-10,9,5,Horror
2022-06-06,21,2,Action
2022-01-13,46,5,Drama
2022-03-13,42,3,Action
2022-03-25,23,2,Comedy
2022-04-25,69,1,Drama
2022-03-15,25,1,Action
2022-03-10,45,1,Drama
2022-01-19,8,1,Comedy
2022-02-14,91,4,Horror
2022-02-03,14,4,Horror
2022-02-24,9,1,Horror
2022-03-07,66,5,Action
2022-01-19,98,1,Drama
2022-02-05,37,4,Action
2022-02-23,48,1,Horror
2022-02-01,1,5,Horror
2022-05-25,74,1,Horror
2022-01-02,30,4,Comedy
2022-04-15,22,2,Horror
2022-03-18,82,5,Comedy
2022-04-02,82,1,Horror
2022-04-28,1,1,Horror
2022-06-10,1,5,Horror
2022-02-11,70,5,Drama
2022-01-20,7,4,Action
2022-05-02,50,5,Action
2022-05-28,32,4,Drama
2022-06-21,61,2,Drama
2022-03-12,9,3,Drama
2022-01-12,71,1,Horror
2022-02-13,62,2,Comedy
2022-03-02,73,2,Horror
2022-04-22,27,5,Comedy
2022-02-17,75,2,Comedy
2022-05-29,12,1,Horror
2022-04-28,98,4,Action
2022-06-16,96,4,Drama
2022-06-18,74,4,Drama
2022-01-22,90,1,Drama
2022-04-30,99,1,Drama
2022-03-21,51,1,Drama
2022-02-10,26,4,Action
2022-03-19,56,4,Comedy
2022-03-11,29,1,Comedy
2022-01-15,73,2,Horror
2022-04-13,19,1,Comedy
2022-05-04,99,5,Action
2022-02-09,26,1,Horror
2022-05-03,2,3,Comedy
2022-02-03,66,4,Horror
2022-06-04,82,5,Drama
2022-05-30,8,4,Drama
2022-05-25,11,1,Horror
2022-03-11,34,2,Drama
2022-05-27,54,4,Comedy
2022-01-17,89,1,Drama
2022-05-11,61,2,Drama
2022-02-16,44,5,Action
2022-02-03,98,4,Action
2022-04-27,80,4,Horror
2022-02-10,19,1,Action
2022-05-08,21,2,Drama
2022-04-10,99,3,Action
2022-05-01,50,1,Horror
2022-05-10,8,4,Action
2022-03-02,39,4,Action
2022-01-09,17,5,Horror
2022-05-24,48,4,Comedy
2022-04-12,85,2,Horror
2022-04-14,28,4,Horror
